"","sample_1","sample_2","n_common_CpGs","spearman","pearson","median_abs_difference","mean_abs_difference","root_mean_square_difference","mean_signed_difference","mean_sample_1","mean_sample_2","sample_ID_1","mushroom_1","location_1","replicate_1","tissue_1","sample_ID_2","mushroom_2","location_2","replicate_2","tissue_2"
"1","N2L","N3L",2692314,0.614159302186574,0.98928869200227,0,1.49441347872704,3.94597250130128,0.0436694118345035,9.73116296485777,10.207745817645,"lamella_north_1","north_2","north",2,"lamella","lamella_north_2","north_3","north",3,"lamella"
"2","N2L","NE4L",2712782,0.546043312023055,0.985044824766522,0,1.56792924305706,4.68336760437884,0.0203979799787343,9.73116296485777,10.3057178549955,"lamella_north_1","north_2","north",2,"lamella","lamella_northeast_2","northeast_4","northeast",4,"lamella"
"3","N2L","NE5L",2639238,0.632343589867058,0.982666537284499,0,1.60946268384601,4.97488514380759,0.0342749244304498,9.73116296485777,9.84933902626368,"lamella_north_1","north_2","north",2,"lamella","lamella_northeast_3","northeast_5","northeast",5,"lamella"
"4","N2L","NW3L",2650238,0.620405407905788,0.982092665488492,0,1.66176319799366,5.03705926370259,0.0211123455622172,9.73116296485777,9.82541638235583,"lamella_north_1","north_2","north",2,"lamella","lamella_northwest_1","northwest_3","northwest",3,"lamella"
"5","N2L","W4L",2644582,0.629207906565274,0.98260946063299,0,1.62866573964077,5.00375331335099,0.0371659839246067,9.73116296485777,9.99158621740444,"lamella_north_1","north_2","north",2,"lamella","lamella_west_2","west_4","west",4,"lamella"
"6","N2L","W5L",2623238,0.631938563507683,0.982145225175386,0,1.65378654744329,5.03973566962045,-0.0150165889500612,9.73116296485777,9.85336732293851,"lamella_north_1","north_2","north",2,"lamella","lamella_west_3","west_5","west",5,"lamella"
"7","N2L","N2SP",2481714,0.603599982509314,0.987939391097921,0,1.45182393729627,3.87980234711277,0.0138557329745131,9.73116296485777,8.42806324105631,"lamella_north_1","north_2","north",2,"lamella","spore_north_1","north_2","north",2,"spore"
"8","N2L","N4SP",2631964,0.612787272808906,0.988010900053546,0,1.52776634680586,4.09285241736358,0.0607264054619644,9.73116296485777,9.69140309024737,"lamella_north_1","north_2","north",2,"lamella","spore_north_3","north_4","north",4,"spore"
"9","N2L","N4S",2703181,0.59916068465653,0.979834820611086,0,1.83010167009211,5.40271064249557,-0.239707696694776,9.73116296485777,9.94254415228311,"lamella_north_1","north_2","north",2,"lamella","stipe_north_3","north_4","north",4,"stipe"
"10","N2L","NE3S",2711642,0.577465868670088,0.981110292200519,0,1.76080766078322,5.23785243979799,-0.128307693761502,9.73116296485777,10.1367314151562,"lamella_north_1","north_2","north",2,"lamella","stipe_northeast_1","northeast_3","northeast",3,"stipe"
"11","N2L","NW4S",2486220,0.583553053592968,0.979132498981659,0,1.70061370711494,5.05116770158511,-0.116142489075055,9.73116296485777,8.29226100713483,"lamella_north_1","north_2","north",2,"lamella","stipe_northwest_2","northwest_4","northwest",4,"stipe"
"12","N2L","N4L",2484057,0.642053982274564,0.987671819390203,0,1.51072826486123,4.16989450496191,0.0324037901868724,9.73116296485777,9.7006902315444,"lamella_north_1","north_2","north",2,"lamella","lamella_north_3","north_4","north",4,"lamella"
"13","N2L","NE3L",2657594,0.626667242244756,0.982889361499918,0,1.62764362104153,4.93775545256294,0.00828139414808526,9.73116296485777,9.86431564750248,"lamella_north_1","north_2","north",2,"lamella","lamella_northeast_1","northeast_3","northeast",3,"lamella"
"14","N2L","NW5L",2703332,0.603506496670237,0.983201960493635,0,1.63985877695254,4.95634541656098,0.0355155632128574,9.73116296485777,10.2442516271712,"lamella_north_1","north_2","north",2,"lamella","lamella_northwest_3","northwest_5","northwest",5,"lamella"
"15","N2L","N3SP",2526181,0.604215454991841,0.987166492323975,0,1.49153164585913,4.06090247065354,0.0267461288466878,9.73116296485777,8.72734335024228,"lamella_north_1","north_2","north",2,"lamella","spore_north_2","north_3","north",3,"spore"
"16","N2L","W3SP",2476713,0.602118879415982,0.981518920386373,0,1.63475400376755,4.87053915278031,0.0634230379343757,9.73116296485777,8.7405607581908,"lamella_north_1","north_2","north",2,"lamella","spore_west_1","west_3","west",3,"spore"
"17","N2L","NW5S",2190474,0.624671873544897,0.978148560542223,0,1.7750704961691,5.32242843777403,-0.130248380236476,9.73116296485777,8.69485725777494,"lamella_north_1","north_2","north",2,"lamella","stipe_northwest_3","northwest_5","northwest",5,"stipe"
"18","N2L","NW4L",2626410,0.628755949572719,0.98255054517419,0,1.65118289046347,4.99970929035515,0.0302045257117693,9.73116296485777,9.95883760618417,"lamella_north_1","north_2","north",2,"lamella","lamella_northwest_2","northwest_4","northwest",4,"lamella"
"19","N2L","NE4SP",2230530,0.603787298533046,0.980545341143412,0,1.60528895653492,4.87146678258025,0.0707834614737303,9.73116296485777,8.20820749899239,"lamella_north_1","north_2","north",2,"lamella","spore_northeast_1","northeast_4","northeast",4,"spore"
"20","N2L","NW5SP",2475964,0.596352861994012,0.981019065726399,0,1.61026857482276,4.86789768694689,0.0351037176835515,9.73116296485777,8.46440291861712,"lamella_north_1","north_2","north",2,"lamella","spore_northwest_2","northwest_5","northwest",5,"spore"
"21","N2L","W3L",2452453,0.639235925564959,0.982119236718979,0,1.64288866353071,4.99250733251458,0.0462865189013794,9.73116296485777,9.53813703520306,"lamella_north_1","north_2","north",2,"lamella","lamella_west_1","west_3","west",3,"lamella"
"22","N2L","NE5S",2330533,0.604462603976962,0.979184381082239,0,1.7369406745478,5.10765127308185,-0.0449095280053903,9.73116296485777,8.52353874445286,"lamella_north_1","north_2","north",2,"lamella","stipe_northeast_3","northeast_5","northeast",5,"stipe"
"23","N2L","NW3S",2135043,0.618856050769162,0.980660413252695,0,1.75256401121342,5.0019349405128,-0.107201480720311,9.73116296485777,8.68495915089529,"lamella_north_1","north_2","north",2,"lamella","stipe_northwest_1","northwest_3","northwest",3,"stipe"
"24","N2L","N2S",2345386,0.634088683391447,0.977963155275044,0,1.80833046847576,5.43609417669613,-0.259628912306636,9.73116296485777,8.92090702626311,"lamella_north_1","north_2","north",2,"lamella","stipe_north_1","north_2","north",2,"stipe"
"25","N2L","W5SP",1974079,0.608077257657422,0.980511404624478,0,1.60393345560782,4.8368484492483,0.0333074427640455,9.73116296485777,8.04338692340584,"lamella_north_1","north_2","north",2,"lamella","spore_west_2","west_5","west",5,"spore"
"26","N3L","NE4L",2840508,0.536583378179287,0.985589826867798,0,1.57333575761176,4.69559967320229,-0.0219868585491829,10.207745817645,10.3057178549955,"lamella_north_2","north_3","north",3,"lamella","lamella_northeast_2","northeast_4","northeast",4,"lamella"
"27","N3L","NE5L",2744001,0.615977889742048,0.983388372909192,0,1.6226219980174,4.95003388677559,-0.00703384794495561,10.207745817645,9.84933902626368,"lamella_north_2","north_3","north",3,"lamella","lamella_northeast_3","northeast_5","northeast",5,"lamella"
"28","N3L","NW3L",2758378,0.603981591267902,0.982859980274977,0,1.67592311339613,5.00969016162182,-0.0202176240553996,10.207745817645,9.82541638235583,"lamella_north_2","north_3","north",3,"lamella","lamella_northwest_1","northwest_3","northwest",3,"lamella"
"29","N3L","W4L",2750386,0.613202880453341,0.98326486985942,0,1.64710119759557,4.99699334977514,-0.00404814075034282,10.207745817645,9.99158621740444,"lamella_north_2","north_3","north",3,"lamella","lamella_west_2","west_4","west",4,"lamella"
"30","N3L","W5L",2724181,0.615066572509968,0.982854620960383,0,1.67079556979953,5.02238807612906,-0.0581557020255102,10.207745817645,9.85336732293851,"lamella_north_2","north_3","north",3,"lamella","lamella_west_3","west_5","west",5,"lamella"
"31","N3L","N2SP",2563091,0.578536569329236,0.987571272808054,0,1.49075103351391,3.9627817903635,-0.0281956714384433,10.207745817645,8.42806324105631,"lamella_north_2","north_3","north",3,"lamella","spore_north_1","north_2","north",2,"spore"
"32","N3L","N4SP",2735720,0.595831208614189,0.988831657626853,0,1.53433289000179,4.01093355422908,0.0183170515066657,10.207745817645,9.69140309024737,"lamella_north_2","north_3","north",3,"lamella","spore_north_3","north_4","north",4,"spore"
"33","N3L","N4S",2826543,0.586679346685057,0.980198363709032,0,1.85846321227115,5.4640108197079,-0.291930819195425,10.207745817645,9.94254415228311,"lamella_north_2","north_3","north",3,"lamella","stipe_north_3","north_4","north",4,"stipe"
"34","N3L","NE3S",2838837,0.566586091090687,0.981477116777137,0,1.7804767360283,5.29769675037952,-0.176552681482455,10.207745817645,10.1367314151562,"lamella_north_2","north_3","north",3,"lamella","stipe_northeast_1","northeast_3","northeast",3,"stipe"
"35","N3L","NW4S",2571441,0.562657454783103,0.979889611530755,0,1.71523592784978,5.02236162776904,-0.158190758217654,10.207745817645,8.29226100713483,"lamella_north_2","north_3","north",3,"lamella","stipe_northwest_2","northwest_4","northwest",4,"stipe"
"36","N3L","N4L",2561105,0.623633320524318,0.988648353857797,0,1.5129145210854,4.05455299695225,-0.0104734726730567,10.207745817645,9.7006902315444,"lamella_north_2","north_3","north",3,"lamella","lamella_north_3","north_4","north",4,"lamella"
"37","N3L","NE3L",2766672,0.610861190191936,0.983521856270771,0,1.64335409084983,4.92588706441275,-0.0329982728047858,10.207745817645,9.86431564750248,"lamella_north_2","north_3","north",3,"lamella","lamella_northeast_1","northeast_3","northeast",3,"lamella"
"38","N3L","NW5L",2826642,0.590228920834218,0.983846051909042,0,1.65407054924498,4.9597747414756,-0.00618957537668094,10.207745817645,10.2442516271712,"lamella_north_2","north_3","north",3,"lamella","lamella_northwest_3","northwest_5","northwest",5,"lamella"
"39","N3L","N3SP",2611697,0.582754828526591,0.989362010986033,0,1.45758250165979,3.72888177793432,-0.0167285457692847,10.207745817645,8.72734335024228,"lamella_north_2","north_3","north",3,"lamella","spore_north_2","north_3","north",3,"spore"
"40","N3L","W3SP",2555483,0.579360662005711,0.982289863108125,0,1.64392133017424,4.80912858511236,0.0235881749050058,10.207745817645,8.7405607581908,"lamella_north_2","north_3","north",3,"lamella","spore_west_1","west_3","west",3,"spore"
"41","N3L","NW5S",2238794,0.600657530037732,0.978912528311486,0,1.7817007784159,5.26047074930172,-0.173901025134038,10.207745817645,8.69485725777494,"lamella_north_2","north_3","north",3,"lamella","stipe_northwest_3","northwest_5","northwest",5,"stipe"
"42","N3L","NW4L",2727936,0.612436505228378,0.983414006735303,0,1.66345497964572,4.95930507884758,-0.0108709910277616,10.207745817645,9.95883760618417,"lamella_north_2","north_3","north",3,"lamella","lamella_northwest_2","northwest_4","northwest",4,"lamella"
"43","N3L","NE4SP",2287511,0.577885693427753,0.981429542245512,0,1.6074323659013,4.78146334033562,0.0273270679660265,10.207745817645,8.20820749899239,"lamella_north_2","north_3","north",3,"lamella","spore_northeast_1","northeast_4","northeast",4,"spore"
"44","N3L","NW5SP",2556036,0.573631444789375,0.981869269380936,0,1.61806224908796,4.79743178373384,-0.00714025629868237,10.207745817645,8.46440291861712,"lamella_north_2","north_3","north",3,"lamella","spore_northwest_2","northwest_5","northwest",5,"spore"
"45","N3L","W3L",2525890,0.618756853858654,0.982951958408178,0,1.65054972540823,4.93191882502861,0.0045046933373241,10.207745817645,9.53813703520306,"lamella_north_2","north_3","north",3,"lamella","lamella_west_1","west_3","west",3,"lamella"
"46","N3L","NE5S",2395006,0.582796048027835,0.980033537804539,0,1.74558681433457,5.05115102904356,-0.0889918232948852,10.207745817645,8.52353874445286,"lamella_north_2","north_3","north",3,"lamella","stipe_northeast_3","northeast_5","northeast",5,"stipe"
"47","N3L","NW3S",2180689,0.594734706778174,0.981563067081277,0,1.75506280314322,4.91462559789393,-0.152598174374844,10.207745817645,8.68495915089529,"lamella_north_2","north_3","north",3,"lamella","stipe_northwest_1","northwest_3","northwest",3,"stipe"
"48","N3L","N2S",2406266,0.612007378271706,0.978716713248148,0,1.8198786901569,5.39331075051411,-0.304047098112667,10.207745817645,8.92090702626311,"lamella_north_2","north_3","north",3,"lamella","stipe_north_1","north_2","north",2,"stipe"
"49","N3L","W5SP",2013332,0.581396874581351,0.981456814005028,0,1.60071290307914,4.72900287299321,-0.00935479939317819,10.207745817645,8.04338692340584,"lamella_north_2","north_3","north",3,"lamella","spore_west_2","west_5","west",5,"spore"
"50","NE4L","NE5L",2767741,0.552253856267913,0.989567687414265,0,1.41172084424053,3.94194113434067,0.0196275496655922,10.3057178549955,9.84933902626368,"lamella_northeast_2","northeast_4","northeast",4,"lamella","lamella_northeast_3","northeast_5","northeast",5,"lamella"
"51","NE4L","NW3L",2782578,0.539889351013658,0.98422015419046,0,1.59231458851485,4.830020059152,0.00245824926561453,10.3057178549955,9.82541638235583,"lamella_northeast_2","northeast_4","northeast",4,"lamella","lamella_northwest_1","northwest_3","northwest",3,"lamella"
"52","NE4L","W4L",2774311,0.549038650103291,0.984565560735685,0,1.5658136183886,4.82354303917367,0.0189220551471578,10.3057178549955,9.99158621740444,"lamella_northeast_2","northeast_4","northeast",4,"lamella","lamella_west_2","west_4","west",4,"lamella"
"53","NE4L","W5L",2746653,0.550254568982525,0.984174134550361,0,1.59362317941959,4.84903776487426,-0.0338830232018745,10.3057178549955,9.85336732293851,"lamella_northeast_2","northeast_4","northeast",4,"lamella","lamella_west_3","west_5","west",5,"lamella"
"54","NE4L","N2SP",2579216,0.506822911146331,0.983714453056053,0,1.54925380790201,4.54477151954339,-0.000389968476236943,10.3057178549955,8.42806324105631,"lamella_northeast_2","northeast_4","northeast",4,"lamella","spore_north_1","north_2","north",2,"spore"
"55","NE4L","N4SP",2758924,0.529097359672435,0.984520839818197,0,1.60577727567367,4.74245451228652,0.0430578364448787,10.3057178549955,9.69140309024737,"lamella_northeast_2","northeast_4","northeast",4,"lamella","spore_north_3","north_4","north",4,"spore"
"56","NE4L","N4S",2856638,0.525928871342165,0.981759876665119,0,1.7709236389586,5.28156951867636,-0.273661717230553,10.3057178549955,9.94254415228311,"lamella_northeast_2","northeast_4","northeast",4,"lamella","stipe_north_3","north_4","north",4,"stipe"
"57","NE4L","NE3S",2870472,0.50837459128286,0.983567188187309,0,1.65494309719244,5.02399411512512,-0.157248348007798,10.3057178549955,10.1367314151562,"lamella_northeast_2","northeast_4","northeast",4,"lamella","stipe_northeast_1","northeast_3","northeast",3,"stipe"
"58","NE4L","NW4S",2590187,0.495664254798006,0.981263267072933,0,1.65774986281041,4.86947184566009,-0.133596192001989,10.3057178549955,8.29226100713483,"lamella_northeast_2","northeast_4","northeast",4,"lamella","stipe_northwest_2","northwest_4","northwest",4,"stipe"
"59","NE4L","N4L",2576412,0.554006267939017,0.984484398709248,0,1.58755308943604,4.7591113698716,0.0148733893599093,10.3057178549955,9.7006902315444,"lamella_northeast_2","northeast_4","northeast",4,"lamella","lamella_north_3","north_4","north",4,"lamella"
"60","NE4L","NE3L",2791722,0.547661531457815,0.989700528530428,0,1.42911234430061,3.91330153264473,-0.00812620571058422,10.3057178549955,9.86431564750248,"lamella_northeast_2","northeast_4","northeast",4,"lamella","lamella_northeast_1","northeast_3","northeast",3,"lamella"
"61","NE4L","NW5L",2856738,0.529447953376885,0.985112971023376,0,1.55729191049896,4.78910176300753,0.0175899036338352,10.3057178549955,10.2442516271712,"lamella_northeast_2","northeast_4","northeast",4,"lamella","lamella_northwest_3","northwest_5","northwest",5,"lamella"
"62","NE4L","N3SP",2629323,0.511522032287159,0.983990216326159,0,1.55929326678331,4.58499111279461,0.0121223272201822,10.3057178549955,8.72734335024228,"lamella_northeast_2","northeast_4","northeast",4,"lamella","spore_north_2","north_3","north",3,"spore"
"63","NE4L","W3SP",2571052,0.511327101774103,0.983699389965479,0,1.57461324571103,4.62529829277662,0.0509345945626092,10.3057178549955,8.7405607581908,"lamella_northeast_2","northeast_4","northeast",4,"lamella","spore_west_1","west_3","west",3,"spore"
"64","NE4L","NW5S",2247020,0.530952053689979,0.98060503618805,0,1.7125686931051,5.05816847558604,-0.147613834340853,10.3057178549955,8.69485725777494,"lamella_northeast_2","northeast_4","northeast",4,"lamella","stipe_northwest_3","northwest_5","northwest",5,"stipe"
"65","NE4L","NW4L",2750533,0.548172836687342,0.98458819885664,0,1.58750904897838,4.80508641623032,0.0141543873030021,10.3057178549955,9.95883760618417,"lamella_northeast_2","northeast_4","northeast",4,"lamella","lamella_northwest_2","northwest_4","northwest",4,"lamella"
"66","NE4L","NE4SP",2297395,0.510775592006991,0.990761790947007,0,1.34917577140849,3.37791148233212,0.0584524668717958,10.3057178549955,8.20820749899239,"lamella_northeast_2","northeast_4","northeast",4,"lamella","spore_northeast_1","northeast_4","northeast",4,"spore"
"67","NE4L","NW5SP",2572339,0.504944176260915,0.983222861497683,0,1.55074048142052,4.62366404081056,0.0224949397097546,10.3057178549955,8.46440291861712,"lamella_northeast_2","northeast_4","northeast",4,"lamella","spore_northwest_2","northwest_5","northwest",5,"spore"
"68","NE4L","W3L",2540400,0.550707923459022,0.984235540891614,0,1.58045621399361,4.75916128153323,0.0328478533297262,10.3057178549955,9.53813703520306,"lamella_northeast_2","northeast_4","northeast",4,"lamella","lamella_west_1","west_3","west",3,"lamella"
"69","NE4L","NE5S",2407758,0.514728175750111,0.981980052097272,0,1.6766455242932,4.81435080764257,-0.0616790191806258,10.3057178549955,8.52353874445286,"lamella_northeast_2","northeast_4","northeast",4,"lamella","stipe_northeast_3","northeast_5","northeast",5,"stipe"
"70","NE4L","NW3S",2188028,0.525473955392793,0.983107120161488,0,1.69028315516363,4.71423638289293,-0.124228948344476,10.3057178549955,8.68495915089529,"lamella_northeast_2","northeast_4","northeast",4,"lamella","stipe_northwest_1","northwest_3","northwest",3,"stipe"
"71","NE4L","N2S",2417580,0.542727249330526,0.980220200515962,0,1.75557383801052,5.21918743128155,-0.281128833660222,10.3057178549955,8.92090702626311,"lamella_northeast_2","northeast_4","northeast",4,"lamella","stipe_north_1","north_2","north",2,"stipe"
"72","NE4L","W5SP",2019631,0.508593124100117,0.982684185517038,0,1.54502422595654,4.57342520588653,0.0235288525414535,10.3057178549955,8.04338692340584,"lamella_northeast_2","northeast_4","northeast",4,"lamella","spore_west_2","west_5","west",5,"spore"
"73","NE5L","NW3L",2697729,0.623362253611951,0.981823090744018,0,1.63462454481633,5.1056453373427,-0.0136321315957537,9.84933902626368,9.82541638235583,"lamella_northeast_3","northeast_5","northeast",5,"lamella","lamella_northwest_1","northwest_3","northwest",3,"lamella"
"74","NE5L","W4L",2691859,0.632629418681515,0.982246967940916,0,1.60306419231687,5.08580359004968,0.00130802162619573,9.84933902626368,9.99158621740444,"lamella_northeast_3","northeast_5","northeast",5,"lamella","lamella_west_2","west_4","west",4,"lamella"
"75","NE5L","W5L",2669261,0.635070213910251,0.981775048625018,0,1.63210295163746,5.12651153697717,-0.0504474088474084,9.84933902626368,9.85336732293851,"lamella_northeast_3","northeast_5","northeast",5,"lamella","lamella_west_3","west_5","west",5,"lamella"
"76","NE5L","N2SP",2519458,0.601425101936089,0.981177452124006,0,1.58683590545174,4.86286731831464,-0.0108802729356446,9.84933902626368,8.42806324105631,"lamella_northeast_3","northeast_5","northeast",5,"lamella","spore_north_1","north_2","north",2,"spore"
"77","NE5L","N4SP",2677872,0.613500669779166,0.982188620529482,0,1.64656521353711,5.0178159865037,0.0268522017561558,9.84933902626368,9.69140309024737,"lamella_northeast_3","northeast_5","northeast",5,"lamella","spore_north_3","north_4","north",4,"spore"
"78","NE5L","N4S",2756458,0.60287543013759,0.97948036510032,0,1.82114083147859,5.51016288034723,-0.276646114329521,9.84933902626368,9.94254415228311,"lamella_northeast_3","northeast_5","northeast",5,"lamella","stipe_north_3","north_4","north",4,"stipe"
"79","NE5L","NE3S",2766472,0.581913784337566,0.981489508854745,0,1.72915326512874,5.23886285009043,-0.165598013456033,9.84933902626368,10.1367314151562,"lamella_northeast_3","northeast_5","northeast",5,"lamella","stipe_northeast_1","northeast_3","northeast",3,"stipe"
"80","NE5L","NW4S",2525818,0.58572756480265,0.978865906738794,0,1.68318213591347,5.12701305580494,-0.139692093734459,9.84933902626368,8.29226100713483,"lamella_northeast_3","northeast_5","northeast",5,"lamella","stipe_northwest_2","northwest_4","northwest",4,"stipe"
"81","NE5L","N4L",2518043,0.642485619931783,0.982138327481676,0,1.62187721374766,5.0436666464462,0.000856934504632047,9.84933902626368,9.7006902315444,"lamella_northeast_3","northeast_5","northeast",5,"lamella","lamella_north_3","north_4","north",4,"lamella"
"82","NE5L","NE3L",2706670,0.631839569596879,0.987197398892723,0,1.48122811870502,4.29551319514617,-0.0245725509199884,9.84933902626368,9.86431564750248,"lamella_northeast_3","northeast_5","northeast",5,"lamella","lamella_northeast_1","northeast_3","northeast",3,"lamella"
"83","NE5L","NW5L",2756692,0.606317526879154,0.982755557987532,0,1.61795224539771,5.05640123643288,-0.000651328758488499,9.84933902626368,10.2442516271712,"lamella_northeast_3","northeast_5","northeast",5,"lamella","lamella_northwest_3","northwest_5","northwest",5,"lamella"
"84","NE5L","N3SP",2565696,0.603926777757704,0.981619432404289,0,1.59519720815963,4.8816398866939,-0.00280265633126364,9.84933902626368,8.72734335024228,"lamella_northeast_3","northeast_5","northeast",5,"lamella","spore_north_2","north_3","north",3,"spore"
"85","NE5L","W3SP",2512755,0.604303217062733,0.98123408865712,0,1.60961083572904,4.92745085642861,0.0371076504600124,9.84933902626368,8.7405607581908,"lamella_northeast_3","northeast_5","northeast",5,"lamella","spore_west_1","west_3","west",3,"spore"
"86","NE5L","NW5S",2213284,0.626643588582468,0.978215808551234,0,1.74927159064196,5.34804207317732,-0.157373486277691,9.84933902626368,8.69485725777494,"lamella_northeast_3","northeast_5","northeast",5,"lamella","stipe_northwest_3","northwest_5","northwest",5,"stipe"
"87","NE5L","NW4L",2671700,0.631938413892289,0.982203996191743,0,1.62847357558658,5.08185259258086,-0.00227074535730565,9.84933902626368,9.95883760618417,"lamella_northeast_3","northeast_5","northeast",5,"lamella","lamella_northwest_2","northwest_4","northwest",4,"lamella"
"88","NE5L","NE4SP",2257493,0.607282632008364,0.984751610931161,0,1.47420400218418,4.32334016860498,0.0466756917179169,9.84933902626368,8.20820749899239,"lamella_northeast_3","northeast_5","northeast",5,"lamella","spore_northeast_1","northeast_4","northeast",4,"spore"
"89","NE5L","NW5SP",2513675,0.598123995665844,0.98068959298994,0,1.5867511260963,4.93113133288353,0.00926960155195518,9.84933902626368,8.46440291861712,"lamella_northeast_3","northeast_5","northeast",5,"lamella","spore_northwest_2","northwest_5","northwest",5,"spore"
"90","NE5L","W3L",2486978,0.641471054162369,0.981783694117847,0,1.61618131165825,5.06091568938853,0.016300885862054,9.84933902626368,9.53813703520306,"lamella_northeast_3","northeast_5","northeast",5,"lamella","lamella_west_1","west_3","west",3,"lamella"
"91","NE5L","NE5S",2361358,0.607804505218676,0.979735278111814,0,1.70267751167765,5.07881230099557,-0.0694080357550899,9.84933902626368,8.52353874445286,"lamella_northeast_3","northeast_5","northeast",5,"lamella","stipe_northeast_3","northeast_5","northeast",5,"stipe"
"92","NE5L","NW3S",2156822,0.620869052770259,0.980644056948954,0,1.72938341610437,5.03959529756256,-0.136474676910533,9.84933902626368,8.68495915089529,"lamella_northeast_3","northeast_5","northeast",5,"lamella","stipe_northwest_1","northwest_3","northwest",3,"stipe"
"93","NE5L","N2S",2374530,0.636011498262389,0.97780837395211,0,1.79013161264278,5.49969485138307,-0.288873352504139,9.84933902626368,8.92090702626311,"lamella_northeast_3","northeast_5","northeast",5,"lamella","stipe_north_1","north_2","north",2,"stipe"
"94","NE5L","W5SP",1993429,0.609672811701756,0.980233114575815,0,1.57736642978523,4.88384041325044,0.0116160699673778,9.84933902626368,8.04338692340584,"lamella_northeast_3","northeast_5","northeast",5,"lamella","spore_west_2","west_5","west",5,"spore"
"95","NW3L","W4L",2703318,0.621364321687303,0.982042784715244,0,1.65004939344131,5.1014695829864,0.0147699264805601,9.82541638235583,9.99158621740444,"lamella_northwest_1","northwest_3","northwest",3,"lamella","lamella_west_2","west_4","west",4,"lamella"
"96","NW3L","W5L",2679718,0.623101784206537,0.981505862689337,0,1.67665310753591,5.14388392784003,-0.035580275567139,9.82541638235583,9.85336732293851,"lamella_northwest_1","northwest_3","northwest",3,"lamella","lamella_west_3","west_5","west",5,"lamella"
"97","NW3L","N2SP",2531038,0.589918456790955,0.980834128610427,0,1.6332199422464,4.89261232736402,-0.00508121316306542,9.82541638235583,8.42806324105631,"lamella_northwest_1","northwest_3","northwest",3,"lamella","spore_north_1","north_2","north",2,"spore"
"98","NW3L","N4SP",2690866,0.602480259984919,0.981735587320664,0,1.69458710993735,5.06612949279259,0.0405944976350338,9.82541638235583,9.69140309024737,"lamella_northwest_1","northwest_3","northwest",3,"lamella","spore_north_3","north_4","north",4,"spore"
"99","NW3L","N4S",2770792,0.591234843920776,0.978543135229056,0,1.87340324413285,5.59470737176495,-0.263103091118842,9.82541638235583,9.94254415228311,"lamella_northwest_1","northwest_3","northwest",3,"lamella","stipe_north_3","north_4","north",4,"stipe"
"100","NW3L","NE3S",2781278,0.569518528559766,0.979883223978977,0,1.80118069839877,5.42829496160923,-0.153206123805833,9.82541638235583,10.1367314151562,"lamella_northwest_1","northwest_3","northwest",3,"lamella","stipe_northeast_1","northeast_3","northeast",3,"stipe"
"101","NW3L","NW4S",2536549,0.577120958094044,0.984831734218026,0,1.58902456403004,4.33375991046274,-0.135171297349491,9.82541638235583,8.29226100713483,"lamella_northwest_1","northwest_3","northwest",3,"lamella","stipe_northwest_2","northwest_4","northwest",4,"stipe"
"102","NW3L","N4L",2527174,0.630894973981761,0.981629819443481,0,1.67419958855472,5.10018400242595,0.0115518365389678,9.82541638235583,9.7006902315444,"lamella_northwest_1","northwest_3","northwest",3,"lamella","lamella_north_3","north_4","north",4,"lamella"
"103","NW3L","NE3L",2718710,0.618285539957595,0.981917250310144,0,1.65495093206013,5.08967147106937,-0.0101822516485758,9.82541638235583,9.86431564750248,"lamella_northwest_1","northwest_3","northwest",3,"lamella","lamella_northeast_1","northeast_3","northeast",3,"lamella"
"104","NW3L","NW5L",2771067,0.596055597179738,0.982269076342184,0,1.66755465532069,5.1102159213699,0.0132000122912536,9.82541638235583,10.2442516271712,"lamella_northwest_1","northwest_3","northwest",3,"lamella","lamella_northwest_3","northwest_5","northwest",5,"lamella"
"105","NW3L","N3SP",2576780,0.592138075179006,0.981067353089337,0,1.64582382366921,4.93911929878699,0.00552146693350386,9.82541638235583,8.72734335024228,"lamella_northwest_1","northwest_3","northwest",3,"lamella","spore_north_2","north_3","north",3,"spore"
"106","NW3L","W3SP",2524005,0.592923908470445,0.980877651494731,0,1.65595637836593,4.96295980561371,0.0462730112744804,9.82541638235583,8.7405607581908,"lamella_northwest_1","northwest_3","northwest",3,"lamella","spore_west_1","west_3","west",3,"spore"
"107","NW3L","NW5S",2218662,0.614415152982379,0.977352801557567,0,1.803059075712,5.42263165274115,-0.148722643649772,9.82541638235583,8.69485725777494,"lamella_northwest_1","northwest_3","northwest",3,"lamella","stipe_northwest_3","northwest_5","northwest",5,"stipe"
"108","NW3L","NW4L",2682790,0.621109506676782,0.981928781423471,0,1.6735212270661,5.10289111416554,0.0135830841815664,9.82541638235583,9.95883760618417,"lamella_northwest_1","northwest_3","northwest",3,"lamella","lamella_northwest_2","northwest_4","northwest",4,"lamella"
"109","NW3L","NE4SP",2265784,0.593711983649261,0.979953092756305,0,1.62338133483052,4.94733489520939,0.0539889665643939,9.82541638235583,8.20820749899239,"lamella_northwest_1","northwest_3","northwest",3,"lamella","spore_northeast_1","northeast_4","northeast",4,"spore"
"110","NW3L","NW5SP",2523934,0.587660100776554,0.980233446694601,0,1.63185234211581,4.974382527923,0.015935479120468,9.82541638235583,8.46440291861712,"lamella_northwest_1","northwest_3","northwest",3,"lamella","spore_northwest_2","northwest_5","northwest",5,"spore"
"111","NW3L","W3L",2494494,0.630076367697812,0.981500613783025,0,1.66128143045021,5.08524291179557,0.0284361338523017,9.82541638235583,9.53813703520306,"lamella_northwest_1","northwest_3","northwest",3,"lamella","lamella_west_1","west_3","west",3,"lamella"
"112","NW3L","NE5S",2368586,0.594879207336595,0.978250173399715,0,1.76898278596591,5.23530991184322,-0.0609807755622115,9.82541638235583,8.52353874445286,"lamella_northwest_1","northwest_3","northwest",3,"lamella","stipe_northeast_3","northeast_5","northeast",5,"stipe"
"113","NW3L","NW3S",2162238,0.610343198745775,0.983789490759653,0,1.68264974774173,4.5877800934718,-0.123517593360882,9.82541638235583,8.68495915089529,"lamella_northwest_1","northwest_3","northwest",3,"lamella","stipe_northwest_1","northwest_3","northwest",3,"stipe"
"114","NW3L","N2S",2380217,0.623539231792793,0.976936831411979,0,1.8416568379537,5.5652439525851,-0.278041275819863,9.82541638235583,8.92090702626311,"lamella_northwest_1","northwest_3","northwest",3,"lamella","stipe_north_1","north_2","north",2,"stipe"
"115","NW3L","W5SP",1998362,0.598293957057011,0.980140734053442,0,1.61758441138485,4.88056267146793,0.0180619523343924,9.82541638235583,8.04338692340584,"lamella_northwest_1","northwest_3","northwest",3,"lamella","spore_west_2","west_5","west",5,"spore"
"116","W4L","W5L",2674148,0.633614756707783,0.985208169652908,0,1.56188344278305,4.63947793198517,-0.0520997574709975,9.99158621740444,9.85336732293851,"lamella_west_2","west_4","west",4,"lamella","lamella_west_3","west_5","west",5,"lamella"
"117","W4L","N2SP",2522518,0.596850286900447,0.981130116365825,0,1.60674460913343,4.88297332643264,-0.0159806395142811,9.99158621740444,8.42806324105631,"lamella_west_2","west_4","west",4,"lamella","spore_north_1","north_2","north",2,"spore"
"118","W4L","N4SP",2683328,0.610657023988844,0.982233943597056,0,1.66408342338797,5.03566265710286,0.0263049612273562,9.99158621740444,9.69140309024737,"lamella_west_2","west_4","west",4,"lamella","spore_north_3","north_4","north",4,"spore"
"119","W4L","N4S",2762728,0.600777520045317,0.97911025108945,0,1.85440582258277,5.58782681157854,-0.282090689097858,9.99158621740444,9.94254415228311,"lamella_west_2","west_4","west",4,"lamella","stipe_north_3","north_4","north",4,"stipe"
"120","W4L","NE3S",2772967,0.579830582296463,0.980526843304553,0,1.77480655152977,5.40236479092094,-0.171058849096929,9.99158621740444,10.1367314151562,"lamella_west_2","west_4","west",4,"lamella","stipe_northeast_1","northeast_3","northeast",3,"stipe"
"121","W4L","NW4S",2530331,0.582187380752625,0.979008393000248,0,1.70188202517268,5.12857229228369,-0.146879871640158,9.99158621740444,8.29226100713483,"lamella_west_2","west_4","west",4,"lamella","stipe_northwest_2","northwest_4","northwest",4,"stipe"
"122","W4L","N4L",2522913,0.638718909093512,0.982056093444797,0,1.64565601105679,5.07605433725311,-0.00227966982602502,9.99158621740444,9.7006902315444,"lamella_west_2","west_4","west",4,"lamella","lamella_north_3","north_4","north",4,"lamella"
"123","W4L","NE3L",2711466,0.627063093453647,0.982465513479151,0,1.62368676377076,5.05346844176468,-0.0259195206365957,9.99158621740444,9.86431564750248,"lamella_west_2","west_4","west",4,"lamella","lamella_northeast_1","northeast_3","northeast",3,"lamella"
"124","W4L","NW5L",2762944,0.60512262403425,0.982741786543126,0,1.63608502566372,5.08814734756952,-0.00247336042441963,9.99158621740444,10.2442516271712,"lamella_west_2","west_4","west",4,"lamella","lamella_northwest_3","northwest_5","northwest",5,"lamella"
"125","W4L","N3SP",2569538,0.599636147296462,0.981574251781752,0,1.61290980857232,4.90296829938927,-0.00617846389519577,9.99158621740444,8.72734335024228,"lamella_west_2","west_4","west",4,"lamella","spore_north_2","north_3","north",3,"spore"
"126","W4L","W3SP",2516892,0.603016340394026,0.986554931163796,0,1.49898976271348,4.18529330132648,0.034450441350046,9.99158621740444,8.7405607581908,"lamella_west_2","west_4","west",4,"lamella","spore_west_1","west_3","west",3,"spore"
"127","W4L","NW5S",2216233,0.621435750281985,0.977801208273801,0,1.77674145401768,5.404711679305,-0.159219420808481,9.99158621740444,8.69485725777494,"lamella_west_2","west_4","west",4,"lamella","stipe_northwest_3","northwest_5","northwest",5,"stipe"
"128","W4L","NW4L",2677293,0.629296543099676,0.982152777849609,0,1.64755096861821,5.11417037922033,-0.00359052026869608,9.99158621740444,9.95883760618417,"lamella_west_2","west_4","west",4,"lamella","lamella_northwest_2","northwest_4","northwest",4,"lamella"
"129","W4L","NE4SP",2260203,0.600590977788588,0.980387754884613,0,1.59198334195451,4.91564310005184,0.0385691851357057,9.99158621740444,8.20820749899239,"lamella_west_2","west_4","west",4,"lamella","spore_northeast_1","northeast_4","northeast",4,"spore"
"130","W4L","NW5SP",2517457,0.594709204172878,0.980653212984097,0,1.60279791143692,4.95069477344685,0.00594031116942361,9.99158621740444,8.46440291861712,"lamella_west_2","west_4","west",4,"lamella","spore_northwest_2","northwest_5","northwest",5,"spore"
"131","W4L","W3L",2490498,0.640751416910705,0.987315285354919,0,1.4895421172232,4.23917145681913,0.0138543444814639,9.99158621740444,9.53813703520306,"lamella_west_2","west_4","west",4,"lamella","lamella_west_1","west_3","west",3,"lamella"
"132","W4L","NE5S",2364613,0.602807525273362,0.978978367196521,0,1.73838791829211,5.18381678939999,-0.0771435209534836,9.99158621740444,8.52353874445286,"lamella_west_2","west_4","west",4,"lamella","stipe_northeast_3","northeast_5","northeast",5,"stipe"
"133","W4L","NW3S",2159345,0.615466485592637,0.980630676181249,0,1.74818253533092,5.04542334580313,-0.137516402568783,9.99158621740444,8.68495915089529,"lamella_west_2","west_4","west",4,"lamella","stipe_northwest_1","northwest_3","northwest",3,"stipe"
"134","W4L","N2S",2377718,0.631450518922715,0.977294648288532,0,1.82338200689564,5.57291776994297,-0.292712663700055,9.99158621740444,8.92090702626311,"lamella_west_2","west_4","west",4,"lamella","stipe_north_1","north_2","north",2,"stipe"
"135","W4L","W5SP",1995270,0.605760073714587,0.98332950415573,0,1.52115040206426,4.4900990943724,0.00777701904916503,9.99158621740444,8.04338692340584,"lamella_west_2","west_4","west",4,"lamella","spore_west_2","west_5","west",5,"spore"
"136","W5L","N2SP",2503680,0.600811261881544,0.98076866351892,0,1.62751741278583,4.90709317786336,0.0272584235982231,9.85336732293851,8.42806324105631,"lamella_west_3","west_5","west",5,"lamella","spore_north_1","north_2","north",2,"spore"
"137","W5L","N4SP",2659703,0.61331426089288,0.98183749368575,0,1.68712242697878,5.06212018031332,0.0753677097734984,9.85336732293851,9.69140309024737,"lamella_west_3","west_5","west",5,"lamella","spore_north_3","north_4","north",4,"spore"
"138","W5L","N4S",2735750,0.602277862940161,0.978790410592118,0,1.86103183071837,5.56896142527383,-0.226761915879917,9.85336732293851,9.94254415228311,"lamella_west_3","west_5","west",5,"lamella","stipe_north_3","north_4","north",4,"stipe"
"139","W5L","NE3S",2745435,0.580527227560907,0.980111576581105,0,1.79050967806041,5.40651968686425,-0.115812001677591,9.85336732293851,10.1367314151562,"lamella_west_3","west_5","west",5,"lamella","stipe_northeast_1","northeast_3","northeast",3,"stipe"
"140","W5L","NW4S",2510749,0.585445459201388,0.978777152554985,0,1.71067223185731,5.11507042557908,-0.102975455161995,9.85336732293851,8.29226100713483,"lamella_west_3","west_5","west",5,"lamella","stipe_northwest_2","northwest_4","northwest",4,"stipe"
"141","W5L","N4L",2504983,0.642112708136864,0.981725645557106,0,1.66666282564769,5.09446380127184,0.0493848752292674,9.85336732293851,9.7006902315444,"lamella_west_3","west_5","west",5,"lamella","lamella_north_3","north_4","north",4,"lamella"
"142","W5L","NE3L",2687499,0.629203135748543,0.981925912099566,0,1.65328266933283,5.09787521366793,0.024643032412978,9.85336732293851,9.86431564750248,"lamella_west_3","west_5","west",5,"lamella","lamella_northeast_1","northeast_3","northeast",3,"lamella"
"143","W5L","NW5L",2736251,0.606578739396015,0.982145181280944,0,1.66636578466761,5.14109169191669,0.0514710875695887,9.85336732293851,10.2442516271712,"lamella_west_3","west_5","west",5,"lamella","lamella_northwest_3","northwest_5","northwest",5,"lamella"
"144","W5L","N3SP",2549897,0.603640255378694,0.981010014780284,0,1.63873985261881,4.95256802654441,0.0402690191699973,9.85336732293851,8.72734335024228,"lamella_west_3","west_5","west",5,"lamella","spore_north_2","north_3","north",3,"spore"
"145","W5L","W3SP",2499274,0.605686120902072,0.983919163480101,0,1.57668232211108,4.5583913219778,0.0783022750316739,9.85336732293851,8.7405607581908,"lamella_west_3","west_5","west",5,"lamella","spore_west_1","west_3","west",3,"spore"
"146","W5L","NW5S",2204249,0.625838269795832,0.97751144936378,0,1.78680828071714,5.40447444757844,-0.113894608181275,9.85336732293851,8.69485725777494,"lamella_west_3","west_5","west",5,"lamella","stipe_northwest_3","northwest_5","northwest",5,"stipe"
"147","W5L","NW4L",2654642,0.631520532755161,0.981545657300118,0,1.67736884934377,5.16802737731795,0.0494764618020703,9.85336732293851,9.95883760618417,"lamella_west_3","west_5","west",5,"lamella","lamella_northwest_2","northwest_4","northwest",4,"lamella"
"148","W5L","NE4SP",2246664,0.604670048512992,0.97996221853889,0,1.61818608568002,4.95296080034384,0.0827829671363457,9.85336732293851,8.20820749899239,"lamella_west_3","west_5","west",5,"lamella","spore_northeast_1","northeast_4","northeast",4,"spore"
"149","W5L","NW5SP",2498459,0.598374288664553,0.980110906548733,0,1.62966917027981,4.99884648566109,0.0470054595929094,9.85336732293851,8.46440291861712,"lamella_west_3","west_5","west",5,"lamella","spore_northwest_2","northwest_5","northwest",5,"spore"
"150","W5L","W3L",2474044,0.642449156394034,0.984578559635987,0,1.57656383447317,4.65180482912633,0.0646680734182301,9.85336732293851,9.53813703520306,"lamella_west_3","west_5","west",5,"lamella","lamella_west_1","west_3","west",3,"lamella"
"151","W5L","NE5S",2349970,0.606140556462956,0.978500647017236,0,1.75240115886992,5.20771981860605,-0.0322227082665425,9.85336732293851,8.52353874445286,"lamella_west_3","west_5","west",5,"lamella","stipe_northeast_3","northeast_5","northeast",5,"stipe"
"152","W5L","NW3S",2148629,0.61910142453032,0.98020497720662,0,1.76200741051303,5.06470520939356,-0.0918811502989831,9.85336732293851,8.68495915089529,"lamella_west_3","west_5","west",5,"lamella","stipe_northwest_1","northwest_3","northwest",3,"stipe"
"153","W5L","N2S",2363863,0.634230813760986,0.977030830786109,0,1.83048430310948,5.55805991381251,-0.24433317126602,9.85336732293851,8.92090702626311,"lamella_west_3","west_5","west",5,"lamella","stipe_north_1","north_2","north",2,"stipe"
"154","W5L","W5SP",1985932,0.614780800834934,0.987184918912437,0,1.42532350307776,3.92380068355633,0.0486574538596555,9.85336732293851,8.04338692340584,"lamella_west_3","west_5","west",5,"lamella","spore_west_2","west_5","west",5,"spore"
"155","N2SP","N4SP",2517695,0.584216147597847,0.986379515119127,0,1.52504202200668,4.1113458673907,0.0459683116678753,8.42806324105631,9.69140309024737,"spore_north_1","north_2","north",2,"spore","spore_north_3","north_4","north",4,"spore"
"156","N2SP","N4S",2571947,0.561884922372557,0.978236815666135,0,1.77690587771227,5.22092439969654,-0.225288086445541,8.42806324105631,9.94254415228311,"spore_north_1","north_2","north",2,"spore","stipe_north_3","north_4","north",4,"stipe"
"157","N2SP","NE3S",2578420,0.538596808990041,0.979632774995502,0,1.71700817235382,5.05597167361332,-0.127870422852712,8.42806324105631,10.1367314151562,"spore_north_1","north_2","north",2,"spore","stipe_northeast_1","northeast_3","northeast",3,"stipe"
"158","N2SP","NW4S",2397111,0.568397507273582,0.977865706589679,0,1.6991354084412,5.00189802707593,-0.114628009281955,8.42806324105631,8.29226100713483,"spore_north_1","north_2","north",2,"spore","stipe_northwest_2","northwest_4","northwest",4,"stipe"
"159","N2SP","N4L",2379136,0.616486551305251,0.985943603415953,0,1.51140704157294,4.20860909493625,0.0172116166012722,8.42806324105631,9.7006902315444,"spore_north_1","north_2","north",2,"spore","lamella_north_3","north_4","north",4,"lamella"
"160","N2SP","NE3L",2535558,0.595018640484845,0.981435613284345,0,1.60226007346187,4.82035237978675,-0.00937248903759368,8.42806324105631,9.86431564750248,"spore_north_1","north_2","north",2,"spore","lamella_northeast_1","northeast_3","northeast",3,"lamella"
"161","N2SP","NW5L",2571542,0.565680254157498,0.981835702756142,0,1.61247687611638,4.79833311386305,0.014977820653968,8.42806324105631,10.2442516271712,"spore_north_1","north_2","north",2,"spore","lamella_northwest_3","northwest_5","northwest",5,"lamella"
"162","N2SP","N3SP",2432579,0.585998480279963,0.985684407904925,0,1.50090479688817,4.10696591778654,0.0099611530591981,8.42806324105631,8.72734335024228,"spore_north_1","north_2","north",2,"spore","spore_north_2","north_3","north",3,"spore"
"163","N2SP","W3SP",2388193,0.585731349867978,0.980123487067794,0,1.63795896165825,4.84837542593515,0.0490240991194049,8.42806324105631,8.7405607581908,"spore_north_1","north_2","north",2,"spore","spore_west_1","west_3","west",3,"spore"
"164","N2SP","NW5S",2115601,0.611297486416857,0.976487718129309,0,1.7781750148005,5.32160876807075,-0.131880933084874,8.42806324105631,8.69485725777494,"spore_north_1","north_2","north",2,"spore","stipe_northwest_3","northwest_5","northwest",5,"stipe"
"165","N2SP","NW4L",2506058,0.596863810723522,0.981084949765372,0,1.62690451121195,4.87883550861335,0.0147086964673371,8.42806324105631,9.95883760618417,"spore_north_1","north_2","north",2,"spore","lamella_northwest_2","northwest_4","northwest",4,"lamella"
"166","N2SP","NE4SP",2162333,0.593461743882199,0.979172984656043,0,1.61995521803683,4.88720641339393,0.0535232945591156,8.42806324105631,8.20820749899239,"spore_north_1","north_2","north",2,"spore","spore_northeast_1","northeast_4","northeast",4,"spore"
"167","N2SP","NW5SP",2389987,0.58086067115666,0.979724772416242,0,1.61489876156383,4.83898774160848,0.0203021698672854,8.42806324105631,8.46440291861712,"spore_north_1","north_2","north",2,"spore","spore_northwest_2","northwest_5","northwest",5,"spore"
"168","N2SP","W3L",2352629,0.616203475552876,0.980491144994174,0,1.63279105779098,4.94683557651695,0.0325647873368204,8.42806324105631,9.53813703520306,"spore_north_1","north_2","north",2,"spore","lamella_west_1","west_3","west",3,"lamella"
"169","N2SP","NE5S",2251581,0.591261973593841,0.977592419926836,0,1.74488042505529,5.11169172532068,-0.048064059685408,8.42806324105631,8.52353874445286,"spore_north_1","north_2","north",2,"spore","stipe_northeast_3","northeast_5","northeast",5,"stipe"
"170","N2SP","NW3S",2064964,0.605662905993067,0.978981993077514,0,1.76075597670774,5.02737296568487,-0.111465612590612,8.42806324105631,8.68495915089529,"spore_north_1","north_2","north",2,"spore","stipe_northwest_1","northwest_3","northwest",3,"stipe"
"171","N2SP","N2S",2256911,0.61458875413395,0.976196009378288,0,1.79120003507027,5.38717577722837,-0.25169852433819,8.42806324105631,8.92090702626311,"spore_north_1","north_2","north",2,"spore","stipe_north_1","north_2","north",2,"stipe"
"172","N2SP","W5SP",1918803,0.602641804183896,0.979145265924299,0,1.62714774744439,4.87852881048651,0.0212120077657823,8.42806324105631,8.04338692340584,"spore_north_1","north_2","north",2,"spore","spore_west_2","west_5","west",5,"spore"
"173","N4SP","N4S",2747842,0.580670826478782,0.978960077372644,0,1.87759516339464,5.49537410663078,-0.297747644140467,9.69140309024737,9.94254415228311,"spore_north_3","north_4","north",4,"spore","stipe_north_3","north_4","north",4,"stipe"
"174","N4SP","NE3S",2757648,0.558955135962662,0.980297350767029,0,1.80691849528939,5.32656694035579,-0.189026611199198,9.69140309024737,10.1367314151562,"spore_north_3","north_4","north",4,"spore","stipe_northeast_1","northeast_3","northeast",3,"stipe"
"175","N4SP","NW4S",2523949,0.567026676352284,0.978822642278611,0,1.74287144216793,5.09221273693402,-0.17313500901889,9.69140309024737,8.29226100713483,"spore_north_3","north_4","north",4,"spore","stipe_northwest_2","northwest_4","northwest",4,"stipe"
"176","N4SP","N4L",2511689,0.624489452045172,0.989056700144136,0,1.49935868135775,3.91153808477823,-0.0268206388499002,9.69140309024737,9.7006902315444,"spore_north_3","north_4","north",4,"spore","lamella_north_3","north_4","north",4,"lamella"
"177","N4SP","NE3L",2697719,0.608094239303477,0.982343447132883,0,1.66573231089951,4.99185030030419,-0.0516983044016576,9.69140309024737,9.86431564750248,"spore_north_3","north_4","north",4,"spore","lamella_northeast_1","northeast_3","northeast",3,"lamella"
"178","N4SP","NW5L",2747782,0.584631494112795,0.982772574168446,0,1.67723557480067,4.99500324749788,-0.0255175464111334,9.69140309024737,10.2442516271712,"spore_north_3","north_4","north",4,"spore","lamella_northwest_3","northwest_5","northwest",5,"lamella"
"179","N4SP","N3SP",2562646,0.586999916069647,0.986807910064477,0,1.5305348739258,4.10801112725317,-0.0359669690664539,9.69140309024737,8.72734335024228,"spore_north_3","north_4","north",4,"spore","spore_north_2","north_3","north",3,"spore"
"180","N4SP","W3SP",2510407,0.584837829815098,0.981294282572743,0,1.66738916045515,4.89081439739915,0.00396829270577838,9.69140309024737,8.7405607581908,"spore_north_3","north_4","north",4,"spore","spore_west_1","west_3","west",3,"spore"
"181","N4SP","NW5S",2209240,0.606973697318628,0.977426335542828,0,1.82413391513346,5.39797793328255,-0.18554194460429,9.69140309024737,8.69485725777494,"spore_north_3","north_4","north",4,"spore","stipe_northwest_3","northwest_5","northwest",5,"stipe"
"182","N4SP","NW4L",2663273,0.610111549397809,0.982143146468082,0,1.68920949133485,5.0365237486696,-0.0284138289661275,9.69140309024737,9.95883760618417,"spore_north_3","north_4","north",4,"spore","lamella_northwest_2","northwest_4","northwest",4,"lamella"
"183","N4SP","NE4SP",2256288,0.585854670614352,0.980184895929401,0,1.64277667270928,4.9066621542243,0.00824050819782049,9.69140309024737,8.20820749899239,"spore_north_3","north_4","north",4,"spore","spore_northeast_1","northeast_4","northeast",4,"spore"
"184","N4SP","NW5SP",2511028,0.578418072334814,0.980654442155355,0,1.64935894767436,4.90483170758305,-0.0254112529235055,9.69140309024737,8.46440291861712,"spore_north_3","north_4","north",4,"spore","spore_northwest_2","northwest_5","northwest",5,"spore"
"185","N4SP","W3L",2479596,0.620326883710432,0.9817706589861,0,1.67883199504448,5.01993287530864,-0.0138634307968738,9.69140309024737,9.53813703520306,"spore_north_3","north_4","north",4,"spore","lamella_west_1","west_3","west",3,"lamella"
"186","N4SP","NE5S",2358876,0.587622765455036,0.978585088251443,0,1.78505303053614,5.17850670514419,-0.104792268591416,9.69140309024737,8.52353874445286,"spore_north_3","north_4","north",4,"spore","stipe_northeast_3","northeast_5","northeast",5,"stipe"
"187","N4SP","NW3S",2153452,0.600814804917622,0.980257327400475,0,1.79259570438556,5.0421223920054,-0.164448419215895,9.69140309024737,8.68495915089529,"spore_north_3","north_4","north",4,"spore","stipe_northwest_1","northwest_3","northwest",3,"stipe"
"188","N4SP","N2S",2368772,0.615495061783855,0.977171511454762,0,1.85721231576242,5.51667922282988,-0.316113046859628,9.69140309024737,8.92090702626311,"spore_north_3","north_4","north",4,"spore","stipe_north_1","north_2","north",2,"stipe"
"189","N4SP","W5SP",1991932,0.590544116193504,0.980337323115146,0,1.63856825203389,4.84844143011749,-0.0263933587715735,9.69140309024737,8.04338692340584,"spore_north_3","north_4","north",4,"spore","spore_west_2","west_5","west",5,"spore"
"190","N4S","NE3S",2854871,0.558796677601497,0.985271985160898,0,1.69267895988564,4.65664020033768,0.11738250142491,9.94254415228311,10.1367314151562,"stipe_north_3","north_4","north",4,"stipe","stipe_northeast_1","northeast_3","northeast",3,"stipe"
"191","N4S","NW4S",2581580,0.551322298200179,0.978863130359839,0,1.7504425774879,5.05646863139798,0.0910855593859467,9.94254415228311,8.29226100713483,"stipe_north_3","north_4","north",4,"stipe","stipe_northwest_2","northwest_4","northwest",4,"stipe"
"192","N4S","N4L",2569321,0.607915528680898,0.979316281467301,0,1.84492904693719,5.46802467753722,0.267881624340581,9.94254415228311,9.7006902315444,"stipe_north_3","north_4","north",4,"stipe","lamella_north_3","north_4","north",4,"lamella"
"193","N4S","NE3L",2779624,0.597971031202152,0.979970239298479,0,1.82256792039311,5.42598066515578,0.252329283433609,9.94254415228311,9.86431564750248,"stipe_north_3","north_4","north",4,"stipe","lamella_northeast_1","northeast_3","northeast",3,"lamella"
"194","N4S","NW5L",2842005,0.578136791760701,0.979303840321715,0,1.87337143138313,5.61246795347211,0.287731528772802,9.94254415228311,10.2442516271712,"stipe_north_3","north_4","north",4,"stipe","lamella_northwest_3","northwest_5","northwest",5,"lamella"
"195","N4S","N3SP",2621240,0.56600354184507,0.97847642220778,0,1.79735105998123,5.28508685710959,0.240316098790252,9.94254415228311,8.72734335024228,"stipe_north_3","north_4","north",4,"stipe","spore_north_2","north_3","north",3,"spore"
"196","N4S","W3SP",2564008,0.565951019768428,0.978130140006833,0,1.81745733529945,5.3333536566321,0.28223748634598,9.94254415228311,8.7405607581908,"stipe_north_3","north_4","north",4,"stipe","spore_west_1","west_3","west",3,"spore"
"197","N4S","NW5S",2243420,0.589993090240184,0.982673164508661,0,1.70250055040635,4.69390765814799,0.0881038448550312,9.94254415228311,8.69485725777494,"stipe_north_3","north_4","north",4,"stipe","stipe_northwest_3","northwest_5","northwest",5,"stipe"
"198","N4S","NW4L",2739547,0.599963549729142,0.978815888205478,0,1.87152641626956,5.59812426921321,0.276131244442108,9.94254415228311,9.95883760618417,"stipe_north_3","north_4","north",4,"stipe","lamella_northwest_2","northwest_4","northwest",4,"lamella"
"199","N4S","NE4SP",2293088,0.56452634270306,0.978004454221693,0,1.75325480792016,5.19915110778915,0.265351511036605,9.94254415228311,8.20820749899239,"stipe_north_3","north_4","north",4,"stipe","spore_northeast_1","northeast_4","northeast",4,"spore"
"200","N4S","NW5SP",2565107,0.559244015102061,0.977503663016806,0,1.78805531691434,5.32680547603417,0.239191036703978,9.94254415228311,8.46440291861712,"stipe_north_3","north_4","north",4,"stipe","spore_northwest_2","northwest_5","northwest",5,"spore"
"201","N4S","W3L",2533800,0.605265838584179,0.978682008439913,0,1.8488456433116,5.51605452471305,0.281739810958179,9.94254415228311,9.53813703520306,"stipe_north_3","north_4","north",4,"stipe","lamella_west_1","west_3","west",3,"lamella"
"202","N4S","NE5S",2401994,0.572827999513931,0.983366397972109,0,1.67978530562055,4.54860299282899,0.164314181907722,9.94254415228311,8.52353874445286,"stipe_north_3","north_4","north",4,"stipe","stipe_northeast_3","northeast_5","northeast",5,"stipe"
"203","N4S","NW3S",2184778,0.583253502616387,0.982297419990839,0,1.74388034389184,4.72851649790506,0.106261018425227,9.94254415228311,8.68495915089529,"stipe_north_3","north_4","north",4,"stipe","stipe_northwest_1","northwest_3","northwest",3,"stipe"
"204","N4S","N2S",2412438,0.604599394422835,0.986872447367962,0,1.60098743427664,4.14156108041302,-0.0426068862719962,9.94254415228311,8.92090702626311,"stipe_north_3","north_4","north",4,"stipe","stipe_north_1","north_2","north",2,"stipe"
"205","N4S","W5SP",2016951,0.56665981884953,0.97778120075204,0,1.74224853876483,5.15711159944293,0.227385347462628,9.94254415228311,8.04338692340584,"stipe_north_3","north_4","north",4,"stipe","spore_west_2","west_5","west",5,"spore"
"206","NE3S","NW4S",2589179,0.528057651126685,0.979787229012215,0,1.7132375088568,4.97795486389865,-0.00163926520738013,10.1367314151562,8.29226100713483,"stipe_northeast_1","northeast_3","northeast",3,"stipe","stipe_northwest_2","northwest_4","northwest",4,"stipe"
"207","NE3S","N4L",2575645,0.585535623617893,0.980427893420797,0,1.78014514029184,5.32422236800767,0.159209909584983,10.1367314151562,9.7006902315444,"stipe_northeast_1","northeast_3","northeast",3,"stipe","lamella_north_3","north_4","north",4,"lamella"
"208","NE3S","NE3L",2790316,0.57731522377762,0.981912265447142,0,1.73540936011201,5.16550375223716,0.140127466982347,10.1367314151562,9.86431564750248,"stipe_northeast_1","northeast_3","northeast",3,"stipe","lamella_northeast_1","northeast_3","northeast",3,"lamella"
"209","NE3S","NW5L",2854972,0.558503244050074,0.98079084453049,0,1.7826885066771,5.41894586433757,0.172440531600741,10.1367314151562,10.2442516271712,"stipe_northeast_1","northeast_3","northeast",3,"stipe","lamella_northwest_3","northwest_5","northwest",5,"lamella"
"210","NE3S","N3SP",2628380,0.542741076933833,0.979904056114323,0,1.73335335853067,5.11197169174379,0.139927215036136,10.1367314151562,8.72734335024228,"stipe_northeast_1","northeast_3","northeast",3,"stipe","spore_north_2","north_3","north",3,"spore"
"211","NE3S","W3SP",2570282,0.542280281723698,0.979491778877923,0,1.75413945264477,5.16696761104241,0.183007926028472,10.1367314151562,8.7405607581908,"stipe_northeast_1","northeast_3","northeast",3,"stipe","spore_west_1","west_3","west",3,"spore"
"212","NE3S","NW5S",2246597,0.566458498798874,0.983738544658802,0,1.65824989937547,4.56971390641305,-0.015064602496764,10.1367314151562,8.69485725777494,"stipe_northeast_1","northeast_3","northeast",3,"stipe","stipe_northwest_3","northwest_5","northwest",5,"stipe"
"213","NE3S","NW4L",2749276,0.578932279257181,0.980329882115936,0,1.79547018846555,5.40585704441168,0.163121330151464,10.1367314151562,9.95883760618417,"stipe_northeast_1","northeast_3","northeast",3,"stipe","lamella_northwest_2","northwest_4","northwest",4,"lamella"
"214","NE3S","NE4SP",2296932,0.540581643866126,0.979689497820855,0,1.68691604854788,4.99362754536883,0.173887191533615,10.1367314151562,8.20820749899239,"stipe_northeast_1","northeast_3","northeast",3,"stipe","spore_northeast_1","northeast_4","northeast",4,"spore"
"215","NE3S","NW5SP",2571518,0.53692432748469,0.9789518222055,0,1.72310557746525,5.15713969016896,0.145084818451594,10.1367314151562,8.46440291861712,"stipe_northeast_1","northeast_3","northeast",3,"stipe","spore_northwest_2","northwest_5","northwest",5,"spore"
"216","NE3S","W3L",2539722,0.582599076604284,0.980147588144239,0,1.77449991137029,5.32500838440185,0.17548338426926,10.1367314151562,9.53813703520306,"stipe_northeast_1","northeast_3","northeast",3,"stipe","lamella_west_1","west_3","west",3,"lamella"
"217","NE3S","NE5S",2407107,0.550357214419406,0.985910304360607,0,1.60168714539456,4.20392521274249,0.0681779118430346,10.1367314151562,8.52353874445286,"stipe_northeast_1","northeast_3","northeast",3,"stipe","stipe_northeast_3","northeast_5","northeast",5,"stipe"
"218","NE3S","NW3S",2187735,0.559897111417515,0.983405105159459,0,1.7020377420804,4.60304120316351,0.00557339596814082,10.1367314151562,8.68495915089529,"stipe_northeast_1","northeast_3","northeast",3,"stipe","stipe_northwest_1","northwest_3","northwest",3,"stipe"
"219","NE3S","N2S",2417100,0.579024360331788,0.983674184690716,0,1.67922479392638,4.6594059426781,-0.146012815853026,10.1367314151562,8.92090702626311,"stipe_northeast_1","northeast_3","northeast",3,"stipe","stipe_north_1","north_2","north",2,"stipe"
"220","NE3S","W5SP",2019353,0.541978381146822,0.979015517995284,0,1.69155023122608,5.01255811240518,0.134793659254306,10.1367314151562,8.04338692340584,"stipe_northeast_1","northeast_3","northeast",3,"stipe","spore_west_2","west_5","west",5,"spore"
"221","NW4S","N4L",2380830,0.595359803109995,0.978454569563059,0,1.71848991766799,5.14688407021895,0.147067724051819,8.29226100713483,9.7006902315444,"stipe_northwest_2","northwest_4","northwest",4,"stipe","lamella_north_3","north_4","north",4,"lamella"
"222","NW4S","NE3L",2541795,0.580696191277187,0.979037691900499,0,1.69373176294723,5.09009337545248,0.120685360660621,8.29226100713483,9.86431564750248,"stipe_northwest_2","northwest_4","northwest",4,"stipe","lamella_northeast_1","northeast_3","northeast",3,"lamella"
"223","NW4S","NW5L",2581206,0.553974551260393,0.979346713504056,0,1.71873039997697,5.10714769535648,0.14835634379865,8.29226100713483,10.2442516271712,"stipe_northwest_2","northwest_4","northwest",4,"stipe","lamella_northwest_3","northwest_5","northwest",5,"lamella"
"224","NW4S","N3SP",2437885,0.567387188404248,0.978216355952197,0,1.70586850770509,5.01491901085929,0.127146723518504,8.29226100713483,8.72734335024228,"stipe_northwest_2","northwest_4","northwest",4,"stipe","spore_north_2","north_3","north",3,"spore"
"225","NW4S","W3SP",2395876,0.570963747087822,0.978164264652479,0,1.72469707117146,5.0516823816966,0.172266781577534,8.29226100713483,8.7405607581908,"stipe_northwest_2","northwest_4","northwest",4,"stipe","spore_west_1","west_3","west",3,"spore"
"226","NW4S","NW5S",2123090,0.593467867062021,0.97731429822266,0,1.74606805081932,5.10867290716769,-0.00243991189574512,8.29226100713483,8.69485725777494,"stipe_northwest_2","northwest_4","northwest",4,"stipe","stipe_northwest_3","northwest_5","northwest",5,"stipe"
"227","NW4S","NW4L",2512833,0.581665966400485,0.978925412586191,0,1.71753219751036,5.11911709357857,0.14762248013348,8.29226100713483,9.95883760618417,"stipe_northwest_2","northwest_4","northwest",4,"stipe","lamella_northwest_2","northwest_4","northwest",4,"lamella"
"228","NW4S","NE4SP",2165024,0.577603865586638,0.977246763706735,0,1.69844126748326,5.06560043774873,0.163110646676082,8.29226100713483,8.20820749899239,"stipe_northwest_2","northwest_4","northwest",4,"stipe","spore_northeast_1","northeast_4","northeast",4,"spore"
"229","NW4S","NW5SP",2396238,0.56643083909703,0.977708164744557,0,1.69928534770128,5.03723417913975,0.132465571349146,8.29226100713483,8.46440291861712,"stipe_northwest_2","northwest_4","northwest",4,"stipe","spore_northwest_2","northwest_5","northwest",5,"spore"
"230","NW4S","W3L",2355041,0.597530121228374,0.978412926087776,0,1.71528323307201,5.14767299097106,0.158816531705811,8.29226100713483,9.53813703520306,"stipe_northwest_2","northwest_4","northwest",4,"stipe","lamella_west_1","west_3","west",3,"lamella"
"231","NW4S","NE5S",2279276,0.58958991695339,0.97927020239184,0,1.72034371440697,4.91879777577723,0.0693124267388602,8.29226100713483,8.52353874445286,"stipe_northwest_2","northwest_4","northwest",4,"stipe","stipe_northeast_3","northeast_5","northeast",5,"stipe"
"232","NW4S","NW3S",2069866,0.588217371137602,0.982534749919081,0,1.65976496867186,4.46566955347192,0.0210789834514661,8.29226100713483,8.68495915089529,"stipe_northwest_2","northwest_4","northwest",4,"stipe","stipe_northwest_1","northwest_3","northwest",3,"stipe"
"233","NW4S","N2S",2262130,0.597563349906891,0.977123063565346,0,1.74888174660128,5.14488910104536,-0.121834979718492,8.29226100713483,8.92090702626311,"stipe_northwest_2","northwest_4","northwest",4,"stipe","stipe_north_1","north_2","north",2,"stipe"
"234","NW4S","W5SP",1924948,0.586791367997183,0.977471143009882,0,1.69473789282969,5.0222641881631,0.135331723168411,8.29226100713483,8.04338692340584,"stipe_northwest_2","northwest_4","northwest",4,"stipe","spore_west_2","west_5","west",5,"spore"
"235","N4L","NE3L",2532812,0.636715102048466,0.982292105999022,0,1.64287335043574,5.01803823793969,-0.023335712633398,9.7006902315444,9.86431564750248,"lamella_north_3","north_4","north",4,"lamella","lamella_northeast_1","northeast_3","northeast",3,"lamella"
"236","N4L","NW5L",2569325,0.611964679895258,0.982722702288337,0,1.65522977720274,5.01503802701543,0.00156982578202871,9.7006902315444,10.2442516271712,"lamella_north_3","north_4","north",4,"lamella","lamella_northwest_3","northwest_5","northwest",5,"lamella"
"237","N4L","N3SP",2420008,0.617895377188533,0.986401067687582,0,1.51504115056784,4.19568890236423,-0.00826101298305238,9.7006902315444,8.72734335024228,"lamella_north_3","north_4","north",4,"lamella","spore_north_2","north_3","north",3,"spore"
"238","N4L","W3SP",2376116,0.615307706717368,0.981009251968977,0,1.65331277533596,4.95219815038239,0.0290871402235913,9.7006902315444,8.7405607581908,"lamella_north_3","north_4","north",4,"lamella","spore_west_1","west_3","west",3,"spore"
"239","N4L","NW5S",2118043,0.637873929241,0.977538151275341,0,1.79479541126312,5.41400698099599,-0.161243776964751,9.7006902315444,8.69485725777494,"lamella_north_3","north_4","north",4,"lamella","stipe_northwest_3","northwest_5","northwest",5,"stipe"
"240","N4L","NW4L",2508659,0.63879634077176,0.982056445141022,0,1.66575557491376,5.06609611929539,-6.05447647482078e-05,9.7006902315444,9.95883760618417,"lamella_north_3","north_4","north",4,"lamella","lamella_northwest_2","northwest_4","northwest",4,"lamella"
"241","N4L","NE4SP",2150712,0.619004019737934,0.979895260333093,0,1.62458388625477,4.97541528793567,0.0351418260833562,9.7006902315444,8.20820749899239,"lamella_north_3","north_4","north",4,"lamella","spore_northeast_1","northeast_4","northeast",4,"spore"
"242","N4L","NW5SP",2374484,0.610635827891954,0.980406505991659,0,1.63101381131205,4.96532306272091,0.00140082001570644,9.7006902315444,8.46440291861712,"lamella_north_3","north_4","north",4,"lamella","spore_northwest_2","northwest_5","northwest",5,"spore"
"243","N4L","W3L",2357246,0.651578212582024,0.981713989452168,0,1.6534572372406,5.0502335567315,0.0147268387496264,9.7006902315444,9.53813703520306,"lamella_north_3","north_4","north",4,"lamella","lamella_west_1","west_3","west",3,"lamella"
"244","N4L","NE5S",2243805,0.617328263666896,0.97846245926236,0,1.75556963213652,5.21057242569568,-0.078151931767984,9.7006902315444,8.52353874445286,"lamella_north_3","north_4","north",4,"lamella","stipe_northeast_3","northeast_5","northeast",5,"stipe"
"245","N4L","NW3S",2067831,0.631422229159808,0.979922740238319,0,1.77633978416888,5.11570294248813,-0.143042306920905,9.7006902315444,8.68495915089529,"lamella_north_3","north_4","north",4,"lamella","stipe_northwest_1","northwest_3","northwest",3,"stipe"
"246","N4L","N2S",2261576,0.645691212986693,0.977206791313953,0,1.83068925876149,5.54241099872191,-0.290212523322814,9.7006902315444,8.92090702626311,"lamella_north_3","north_4","north",4,"lamella","stipe_north_1","north_2","north",2,"stipe"
"247","N4L","W5SP",1914082,0.623473531764646,0.980029366778648,0,1.62575072914192,4.92251598556635,0.00126438997391498,9.7006902315444,8.04338692340584,"lamella_north_3","north_4","north",4,"lamella","spore_west_2","west_5","west",5,"spore"
"248","NE3L","NW5L",2779908,0.601501438945195,0.982904559635529,0,1.63849294137024,5.03201747384476,0.0256437092305275,9.86431564750248,10.2442516271712,"lamella_northeast_1","northeast_3","northeast",3,"lamella","lamella_northwest_3","northwest_5","northwest",5,"lamella"
"249","NE3L","N3SP",2582099,0.597749757325983,0.981854406258036,0,1.60976556927732,4.84188988287319,0.0184334925441292,9.86431564750248,8.72734335024228,"lamella_northeast_1","northeast_3","northeast",3,"lamella","spore_north_2","north_3","north",3,"spore"
"250","NE3L","W3SP",2528376,0.597911940785663,0.981452509803157,0,1.62593055474939,4.8943515710573,0.0577673529887392,9.86431564750248,8.7405607581908,"lamella_northeast_1","northeast_3","northeast",3,"lamella","spore_west_1","west_3","west",3,"spore"
"251","NE3L","NW5S",2222210,0.620527668326146,0.978574773591333,0,1.75272232480088,5.28409304709099,-0.13782024418167,9.86431564750248,8.69485725777494,"lamella_northeast_1","northeast_3","northeast",3,"lamella","stipe_northwest_3","northwest_5","northwest",5,"stipe"
"252","NE3L","NW4L",2690397,0.626379540010308,0.982305572631609,0,1.64911404242393,5.0633905131073,0.0236459601226026,9.86431564750248,9.95883760618417,"lamella_northeast_1","northeast_3","northeast",3,"lamella","lamella_northwest_2","northwest_4","northwest",4,"lamella"
"253","NE3L","NE4SP",2268984,0.601011221684259,0.984945912223324,0,1.48997701913024,4.29214063148683,0.0654704136756792,9.86431564750248,8.20820749899239,"lamella_northeast_1","northeast_3","northeast",3,"lamella","spore_northeast_1","northeast_4","northeast",4,"spore"
"254","NE3L","NW5SP",2529003,0.592358589725855,0.9808363117231,0,1.60337985814006,4.90405697725666,0.0287383948577614,9.86431564750248,8.46440291861712,"lamella_northeast_1","northeast_3","northeast",3,"lamella","spore_northwest_2","northwest_5","northwest",5,"spore"
"255","NE3L","W3L",2500800,0.63536003313119,0.982004207619063,0,1.63532463409721,5.02880028834849,0.0384275005217994,9.86431564750248,9.53813703520306,"lamella_northeast_1","northeast_3","northeast",3,"lamella","lamella_west_1","west_3","west",3,"lamella"
"256","NE3L","NE5S",2373310,0.601898414514451,0.980005509640732,0,1.70963626705725,5.02917370144455,-0.0504720828769978,9.86431564750248,8.52353874445286,"lamella_northeast_1","northeast_3","northeast",3,"lamella","stipe_northeast_3","northeast_5","northeast",5,"stipe"
"257","NE3L","NW3S",2165399,0.614240195046658,0.980899498004571,0,1.73877195986225,4.98694721412652,-0.11731864372594,9.86431564750248,8.68495915089529,"lamella_northeast_1","northeast_3","northeast",3,"lamella","stipe_northwest_1","northwest_3","northwest",3,"stipe"
"258","NE3L","N2S",2386078,0.630162839711178,0.978231964881298,0,1.79456576220447,5.4275985853878,-0.269006517881525,9.86431564750248,8.92090702626311,"lamella_northeast_1","northeast_3","northeast",3,"lamella","stipe_north_1","north_2","north",2,"stipe"
"259","NE3L","W5SP",2001309,0.603073722843253,0.980545686081891,0,1.58833873162251,4.83500987130041,0.0267033512130152,9.86431564750248,8.04338692340584,"lamella_northeast_1","northeast_3","northeast",3,"lamella","spore_west_2","west_5","west",5,"spore"
"260","NW5L","N3SP",2620864,0.570242410985039,0.98228525072667,0,1.61940753612185,4.82088520538031,-0.00592078609000586,10.2442516271712,8.72734335024228,"lamella_northwest_3","northwest_5","northwest",5,"lamella","spore_north_2","north_3","north",3,"spore"
"261","NW5L","W3SP",2563712,0.570087401100189,0.981790930805283,0,1.63556262313403,4.88602458645611,0.0336026622720299,10.2442516271712,8.7405607581908,"lamella_northwest_3","northwest_5","northwest",5,"lamella","spore_west_1","west_3","west",3,"spore"
"262","NW5L","NW5S",2243269,0.591088863483963,0.978737815633883,0,1.77593251628593,5.29753955528113,-0.163414804131227,10.2442516271712,8.69485725777494,"lamella_northwest_3","northwest_5","northwest",5,"lamella","stipe_northwest_3","northwest_5","northwest",5,"stipe"
"263","NW5L","NW4L",2739928,0.607399091902243,0.989626904352933,0,1.47936393220183,3.93362507321141,-0.00304481579153474,10.2442516271712,9.95883760618417,"lamella_northwest_3","northwest_5","northwest",5,"lamella","lamella_northwest_2","northwest_4","northwest",4,"lamella"
"264","NW5L","NE4SP",2292912,0.568356850555881,0.981020898329879,0,1.59781128130094,4.83838747881443,0.0442151426505525,10.2442516271712,8.20820749899239,"lamella_northwest_3","northwest_5","northwest",5,"lamella","spore_northeast_1","northeast_4","northeast",4,"spore"
"265","NW5L","NW5SP",2564564,0.568334272718839,0.989579832417236,0,1.40787569904066,3.64117737965283,0.00622531248548032,10.2442516271712,8.46440291861712,"lamella_northwest_3","northwest_5","northwest",5,"lamella","spore_northwest_2","northwest_5","northwest",5,"spore"
"266","NW5L","W3L",2534029,0.609678490963833,0.982297726049735,0,1.64737134105896,5.0375457221219,0.0146354667457894,10.2442516271712,9.53813703520306,"lamella_northwest_3","northwest_5","northwest",5,"lamella","lamella_west_1","west_3","west",3,"lamella"
"267","NW5L","NE5S",2401754,0.572738271784919,0.979649029079894,0,1.74700476470184,5.11373290104175,-0.0760873621136839,10.2442516271712,8.52353874445286,"lamella_northwest_3","northwest_5","northwest",5,"lamella","stipe_northeast_3","northeast_5","northeast",5,"stipe"
"268","NW5L","NW3S",2184400,0.585035448956047,0.981071929019422,0,1.75730721008827,4.99054931895418,-0.137861354787879,10.2442516271712,8.68495915089529,"lamella_northwest_3","northwest_5","northwest",5,"lamella","stipe_northwest_1","northwest_3","northwest",3,"stipe"
"269","NW5L","N2S",2412513,0.601583165394551,0.977855579300318,0,1.83331972675965,5.52041514636208,-0.296715355483068,10.2442516271712,8.92090702626311,"lamella_northwest_3","northwest_5","northwest",5,"lamella","stipe_north_1","north_2","north",2,"stipe"
"270","NW5L","W5SP",2016846,0.57072519037809,0.980956442945286,0,1.59681036812107,4.79774680986761,0.00405762974920778,10.2442516271712,8.04338692340584,"lamella_northwest_3","northwest_5","northwest",5,"lamella","spore_west_2","west_5","west",5,"spore"
"271","N3SP","W3SP",2426009,0.58524131220831,0.980512060429513,0,1.64182644733587,4.85565977142504,0.040700910492383,8.72734335024228,8.7405607581908,"spore_north_2","north_3","north",3,"spore","spore_west_1","west_3","west",3,"spore"
"272","N3SP","NW5S",2148512,0.609094272155595,0.976928963612986,0,1.78347201964635,5.32299117462936,-0.14075143810267,8.72734335024228,8.69485725777494,"spore_north_2","north_3","north",3,"spore","stipe_northwest_3","northwest_5","northwest",5,"stipe"
"273","N3SP","NW4L",2552284,0.599603860753694,0.981509510360232,0,1.63550998720024,4.90282390388978,0.00384544168968108,8.72734335024228,9.95883760618417,"spore_north_2","north_3","north",3,"spore","lamella_northwest_2","northwest_4","northwest",4,"lamella"
"274","N3SP","NE4SP",2193394,0.591950440131104,0.979528903071219,0,1.62396934482306,4.89065637532313,0.045778746040567,8.72734335024228,8.20820749899239,"spore_north_2","north_3","north",3,"spore","spore_northeast_1","northeast_4","northeast",4,"spore"
"275","N3SP","NW5SP",2428327,0.580028339787837,0.980116760471417,0,1.61956682586848,4.84488713594339,0.011443477488888,8.72734335024228,8.46440291861712,"spore_north_2","north_3","north",3,"spore","spore_northwest_2","northwest_5","northwest",5,"spore"
"276","N3SP","W3L",2391651,0.616924645747053,0.980977393553343,0,1.63810831062696,4.95026492259772,0.0212124030370704,8.72734335024228,9.53813703520306,"spore_north_2","north_3","north",3,"spore","lamella_west_1","west_3","west",3,"lamella"
"277","N3SP","NE5S",2288276,0.590446813178512,0.978018015830948,0,1.74757417709366,5.11597621451554,-0.0609690416183131,8.72734335024228,8.52353874445286,"spore_north_2","north_3","north",3,"spore","stipe_northeast_3","northeast_5","northeast",5,"stipe"
"278","N3SP","NW3S",2095705,0.604055989816244,0.979442850571894,0,1.7643126227245,5.02424226206277,-0.12021143288593,8.72734335024228,8.68495915089529,"spore_north_2","north_3","north",3,"spore","stipe_northwest_1","northwest_3","northwest",3,"stipe"
"279","N3SP","N2S",2293499,0.613741622290927,0.976594110023906,0,1.80319456229055,5.40775979295627,-0.265389819561787,8.72734335024228,8.92090702626311,"spore_north_2","north_3","north",3,"spore","stipe_north_1","north_2","north",2,"stipe"
"280","N3SP","W5SP",1945670,0.599585212366687,0.979568988764867,0,1.62426633483929,4.86570463474214,0.00984822439494218,8.72734335024228,8.04338692340584,"spore_north_2","north_3","north",3,"spore","spore_west_2","west_5","west",5,"spore"
"281","W3SP","NW5S",2116643,0.610754559426969,0.976592226419817,0,1.80305045972117,5.37023786205415,-0.18164614201885,8.7405607581908,8.69485725777494,"spore_west_1","west_3","west",3,"spore","stipe_northwest_3","northwest_5","northwest",5,"stipe"
"282","W3SP","NW4L",2501123,0.59990230842666,0.981043056467331,0,1.65190702376365,4.95817290856254,-0.0329542141759161,8.7405607581908,9.95883760618417,"spore_west_1","west_3","west",3,"spore","lamella_northwest_2","northwest_4","northwest",4,"lamella"
"283","W3SP","NE4SP",2158458,0.594148893113083,0.979196982969944,0,1.64140175828858,4.94006865450534,0.00607830591072868,8.7405607581908,8.20820749899239,"spore_west_1","west_3","west",3,"spore","spore_northeast_1","northeast_4","northeast",4,"spore"
"284","W3SP","NW5SP",2384268,0.582903310931786,0.979729925591457,0,1.63713453212604,4.90245684849082,-0.0294127660039864,8.7405607581908,8.46440291861712,"spore_west_1","west_3","west",3,"spore","spore_northwest_2","northwest_5","northwest",5,"spore"
"285","W3SP","W3L",2350483,0.622536695502828,0.987877288628138,0,1.46754796553369,3.94825486000322,-0.0157588918099839,8.7405607581908,9.53813703520306,"spore_west_1","west_3","west",3,"spore","lamella_west_1","west_3","west",3,"lamella"
"286","W3SP","NE5S",2252998,0.593394803707301,0.977731667892795,0,1.76936370564178,5.17048087261252,-0.102550875625566,8.7405607581908,8.52353874445286,"spore_west_1","west_3","west",3,"spore","stipe_northeast_3","northeast_5","northeast",5,"stipe"
"287","W3SP","NW3S",2065916,0.605102392458032,0.97914151392748,0,1.78215870580797,5.06426454183048,-0.159064045610854,8.7405607581908,8.68495915089529,"spore_west_1","west_3","west",3,"spore","stipe_northwest_1","northwest_3","northwest",3,"stipe"
"288","W3SP","N2S",2256901,0.615168788571087,0.975985300769408,0,1.82834244200452,5.48699627369112,-0.305974243511509,8.7405607581908,8.92090702626311,"spore_west_1","west_3","west",3,"spore","stipe_north_1","north_2","north",2,"stipe"
"289","W3SP","W5SP",1919107,0.603208010739226,0.982096707397187,0,1.57744833000679,4.56349154616562,-0.0257273004719874,8.7405607581908,8.04338692340584,"spore_west_1","west_3","west",3,"spore","spore_west_2","west_5","west",5,"spore"
"290","NW5S","NW4L",2205902,0.621965438297506,0.977953782114143,0,1.78660793264206,5.37208612004111,0.160794346452955,8.69485725777494,9.95883760618417,"stipe_northwest_3","northwest_5","northwest",5,"stipe","lamella_northwest_2","northwest_4","northwest",4,"lamella"
"291","NW5S","NE4SP",1936877,0.619746514298391,0.975896510742377,0,1.7743524841248,5.37212977678674,0.178171231908423,8.69485725777494,8.20820749899239,"stipe_northwest_3","northwest_5","northwest",5,"stipe","spore_northeast_1","northeast_4","northeast",4,"spore"
"292","NW5S","NW5SP",2115815,0.607583357459763,0.976674100119675,0,1.76901356217649,5.30610760232144,0.149089227549195,8.69485725777494,8.46440291861712,"stipe_northwest_3","northwest_5","northwest",5,"stipe","spore_northwest_2","northwest_5","northwest",5,"spore"
"293","NW5S","W3L",2097076,0.640583658122084,0.977104070283378,0,1.79936252067829,5.46489254004076,0.17341330014681,8.69485725777494,9.53813703520306,"stipe_northwest_3","northwest_5","northwest",5,"stipe","lamella_west_1","west_3","west",3,"lamella"
"294","NW5S","NE5S",2018557,0.62056869188882,0.983709563170313,0,1.62545798817009,4.40599871736909,0.0766436287926236,8.69485725777494,8.52353874445286,"stipe_northwest_3","northwest_5","northwest",5,"stipe","stipe_northeast_3","northeast_5","northeast",5,"stipe"
"295","NW5S","NW3S",1875220,0.631622061599731,0.979911361842672,0,1.77384899736918,4.9598390495062,0.0174235869486082,8.69485725777494,8.68495915089529,"stipe_northwest_3","northwest_5","northwest",5,"stipe","stipe_northwest_1","northwest_3","northwest",3,"stipe"
"296","NW5S","N2S",2029166,0.642774920174228,0.980363184668007,0,1.72511015352412,4.93166357366374,-0.122358328403638,8.69485725777494,8.92090702626311,"stipe_northwest_3","northwest_5","northwest",5,"stipe","stipe_north_1","north_2","north",2,"stipe"
"297","NW5S","W5SP",1744950,0.627511907062194,0.975846509994676,0,1.77229602027204,5.35153643390998,0.141826118403122,8.69485725777494,8.04338692340584,"stipe_northwest_3","northwest_5","northwest",5,"stipe","spore_west_2","west_5","west",5,"spore"
"298","NW4L","NE4SP",2248105,0.600819010793652,0.980356298780466,0,1.61192059123529,4.91249640725567,0.0415051084125985,9.95883760618417,8.20820749899239,"lamella_northwest_2","northwest_4","northwest",4,"lamella","spore_northeast_1","northeast_4","northeast",4,"spore"
"299","NW4L","NW5SP",2501047,0.597191597325716,0.987020353825944,0,1.47695658322162,4.04722635591546,0.00626983977400477,9.95883760618417,8.46440291861712,"lamella_northwest_2","northwest_4","northwest",4,"lamella","spore_northwest_2","northwest_5","northwest",5,"spore"
"300","NW4L","W3L",2476415,0.638015347133408,0.981686592245624,0,1.65955554074531,5.08365636788772,0.0149517335239911,9.95883760618417,9.53813703520306,"lamella_northwest_2","northwest_4","northwest",4,"lamella","lamella_west_1","west_3","west",3,"lamella"
"301","NW4L","NE5S",2351058,0.602482311030451,0.978880528719391,0,1.75123697879261,5.17556719278607,-0.0762936513719149,9.95883760618417,8.52353874445286,"lamella_northwest_2","northwest_4","northwest",4,"lamella","stipe_northeast_3","northeast_5","northeast",5,"stipe"
"302","NW4L","NW3S",2150102,0.615580925891398,0.980356600564798,0,1.76771120075426,5.065325649172,-0.138511556052882,9.95883760618417,8.68495915089529,"lamella_northwest_2","northwest_4","northwest",4,"lamella","stipe_northwest_1","northwest_3","northwest",3,"stipe"
"303","NW4L","N2S",2365535,0.630210558583344,0.977042393137497,0,1.83897661177832,5.58046587309576,-0.289958653467681,9.95883760618417,8.92090702626311,"lamella_northwest_2","northwest_4","northwest",4,"lamella","stipe_north_1","north_2","north",2,"stipe"
"304","NW4L","W5SP",1986984,0.604566513650525,0.980123481833067,0,1.61392840052339,4.89674618484891,0.00387066243765491,9.95883760618417,8.04338692340584,"lamella_northwest_2","northwest_4","northwest",4,"lamella","spore_west_2","west_5","west",5,"spore"
"305","NE4SP","NW5SP",2160311,0.591047308898922,0.978796272062395,0,1.61972835487271,4.9386312281973,-0.0334132972223441,8.20820749899239,8.46440291861712,"spore_northeast_1","northeast_4","northeast",4,"spore","spore_northwest_2","northwest_5","northwest",5,"spore"
"306","NE4SP","W3L",2129725,0.622232842487916,0.979596804532345,0,1.62567452050252,5.00825859363587,-0.0226133727982647,8.20820749899239,9.53813703520306,"spore_northeast_1","northeast_4","northeast",4,"spore","lamella_west_1","west_3","west",3,"lamella"
"307","NE4SP","NE5S",2049908,0.601663840480762,0.977556098295009,0,1.72649523722278,5.11020369871502,-0.097157422319618,8.20820749899239,8.52353874445286,"spore_northeast_1","northeast_4","northeast",4,"spore","stipe_northeast_3","northeast_5","northeast",5,"stipe"
"308","NE4SP","NW3S",1892909,0.615560225175254,0.978397825622795,0,1.75476567818397,5.09105732123128,-0.157921784362695,8.20820749899239,8.68495915089529,"spore_northeast_1","northeast_4","northeast",4,"spore","stipe_northwest_1","northwest_3","northwest",3,"stipe"
"309","NE4SP","N2S",2054691,0.621886411042786,0.97572844611138,0,1.78125531719969,5.42054318163272,-0.293249428306717,8.20820749899239,8.92090702626311,"spore_northeast_1","northeast_4","northeast",4,"spore","stipe_north_1","north_2","north",2,"stipe"
"310","NE4SP","W5SP",1765983,0.616409801157544,0.978157439113941,0,1.64052592624967,5.00539676937808,-0.0320680433545079,8.20820749899239,8.04338692340584,"spore_northeast_1","northeast_4","northeast",4,"spore","spore_west_2","west_5","west",5,"spore"
"311","NW5SP","W3L",2348309,0.612552199330862,0.979877732065881,0,1.63541857778548,5.0234151139542,0.011050187262477,8.46440291861712,9.53813703520306,"spore_northwest_2","northwest_5","northwest",5,"spore","lamella_west_1","west_3","west",3,"lamella"
"312","NW5SP","NE5S",2253115,0.589443652618496,0.977450198729147,0,1.7420443694507,5.14461966070825,-0.0643344750084493,8.46440291861712,8.52353874445286,"spore_northwest_2","northwest_5","northwest",5,"spore","stipe_northeast_3","northeast_5","northeast",5,"stipe"
"313","NW5SP","NW3S",2064472,0.601642566675058,0.9786992905401,0,1.75986079779492,5.06678986171604,-0.125423741299302,8.46440291861712,8.68495915089529,"spore_northwest_2","northwest_5","northwest",5,"spore","stipe_northwest_1","northwest_3","northwest",3,"stipe"
"314","NW5SP","N2S",2255678,0.611114362268933,0.975532416509359,0,1.80076533116571,5.47515122963217,-0.267903920724337,8.46440291861712,8.92090702626311,"spore_northwest_2","northwest_5","northwest",5,"spore","stipe_north_1","north_2","north",2,"stipe"
"315","NW5SP","W5SP",1920759,0.599981542132853,0.978784618031908,0,1.62726977015136,4.930738289453,-0.00183104439476287,8.46440291861712,8.04338692340584,"spore_northwest_2","northwest_5","northwest",5,"spore","spore_west_2","west_5","west",5,"spore"
"316","W3L","NE5S",2221807,0.62064537291977,0.978158836074889,0,1.75991932057227,5.24948945314574,-0.0911856201692719,9.53813703520306,8.52353874445286,"lamella_west_1","west_3","west",3,"lamella","stipe_northeast_3","northeast_5","northeast",5,"stipe"
"317","W3L","NW3S",2047602,0.63462066796221,0.979806432741023,0,1.77620324625257,5.1314483573776,-0.152245340395164,9.53813703520306,8.68495915089529,"lamella_west_1","west_3","west",3,"lamella","stipe_northwest_1","northwest_3","northwest",3,"stipe"
"318","W3L","N2S",2239106,0.646518174894908,0.976730119030608,0,1.83618431002451,5.58909000281148,-0.305332988317084,9.53813703520306,8.92090702626311,"lamella_west_1","west_3","west",3,"lamella","stipe_north_1","north_2","north",2,"stipe"
"319","W3L","W5SP",1897613,0.628337009046947,0.982624057588813,0,1.55461153537051,4.59373553550015,-0.0140786423058401,9.53813703520306,8.04338692340584,"lamella_west_1","west_3","west",3,"lamella","spore_west_2","west_5","west",5,"spore"
"320","NE5S","NW3S",1970879,0.612466800786719,0.980859640955833,0,1.73527672915864,4.76687066527853,-0.0548425998794378,8.52353874445286,8.68495915089529,"stipe_northeast_3","northeast_5","northeast",5,"stipe","stipe_northwest_1","northwest_3","northwest",3,"stipe"
"321","NE5S","N2S",2143056,0.622437114265272,0.981127904206147,0,1.69384974455925,4.76311198690237,-0.194195552448536,8.52353874445286,8.92090702626311,"stipe_northeast_3","northeast_5","northeast",5,"stipe","stipe_north_1","north_2","north",2,"stipe"
"322","NE5S","W5SP",1835863,0.6097740367496,0.977018831182652,0,1.73808522149854,5.1495743239481,0.0639118304307406,8.52353874445286,8.04338692340584,"stipe_northeast_3","northeast_5","northeast",5,"stipe","spore_west_2","west_5","west",5,"spore"
"323","NW3S","N2S",1982129,0.635135947546019,0.980182025888269,0,1.76542606647752,4.9411742882925,-0.142236944866417,8.68495915089529,8.92090702626311,"stipe_northwest_1","northwest_3","northwest",3,"stipe","stipe_north_1","north_2","north",2,"stipe"
"324","NW3S","W5SP",1707664,0.622275764154123,0.978322534000091,0,1.75710066466224,5.07001506578307,0.119206467980011,8.68495915089529,8.04338692340584,"stipe_northwest_1","northwest_3","northwest",3,"stipe","spore_west_2","west_5","west",5,"spore"
"325","N2S","W5SP",1840609,0.627509318471911,0.975452367335916,0,1.78275945923015,5.40903663691284,0.258076832178191,8.92090702626311,8.04338692340584,"stipe_north_1","north_2","north",2,"stipe","spore_west_2","west_5","west",5,"spore"
